[
	{
		"user":1,
		"fermeture":false,
		"email":"mail@mail.mail",
		"password":"**************",
		"name": "Pennington Rollins",
		"firstname": "hocho",
		"birthday":"24-11-1980",
		"age":37,
		"phone": "+1 (940) 597-2832",
		"address": "753 Throop Avenue, Albany, Wyoming, 4094",
		"gender": "male",
		"picture": "http://placehold.it/32x32",
		"registered": "2017-03-24T06:26:42 -01:00",
		"description":"Bonjour je suis moi même",
		"note":{
			"conducteur":4.2,
			"passager":2
		},
		"pets":true,
		"smoking":true,
		"music":true,

		"vehicule":{
			"4B20012":{
				"marque":"honda",
				"modele":"civik",
				"places":4
			},
			"ab020bz":{
				"marque":"suzuki",
				"modele":"alto",
				"places":"3"
			}
		}, 

		"historique":{
			"passager":	["@annonce"],
			"conducteur": ["@annonce"]
		}
	},
	{
		"user":1,
		"fermeture":false,
		"email":"mail@mail.mail",
		"password":"**************",
		"name": "Pennington Rollins",
		"firstname": "hocho",
		"birthday":"24-11-1980",
		"age":37,
		"phone": "+1 (940) 597-2832",
		"address": "753 Throop Avenue, Albany, Wyoming, 4094",
		"gender": "male",
		"picture": "http://placehold.it/32x32",
		"registered": "2017-03-24T06:26:42 -01:00",
		"description":"Bonjour je suis moi même",
		"note":{
			"conducteur":4.2,
			"passager":2
		},
		"pets":true,
		"smoking":true,
		"music":true,

		"vehicule":{
			"4B20012":{
				"marque":"honda",
				"modele":"civik",
				"places":4
			},
			"ab020bz":{
				"marque":"suzuki",
				"modele":"alto",
				"places":"3"
			}
		}, 
		"historique":{
			"passager":	["@annonce"],
			"conducteur": ["@annonce"]
		}
	}
]